svd_id,note,url,is_app
SVD-2023-0615,"none","https://advisory.splunk.com/advisories/SVD-2023-0615",false
SVD-2023-0614,"For Splunk Universal Forwarder, upgrade versions to 8.1.14, 8.2.11, 9.0.5, or higher.",-,false
SVD-2023-0613,"For Splunk Enterprise, upgrade versions to 8.1.14, 8.2.11, 9.0.5, or higher.",-,false
SVD-2023-0612,"For Splunk Enterprise, upgrade to versions 9.0.5, 8.2.11, or 8.1.14 and higher.",-,false
SVD-2023-0611,"For Splunk Enterprise, upgrade to versions 9.0.5, 8.2.11, 8.1.14, and higher.",-,false
SVD-2023-0610,"Upgrade the Splunk App for Lookup Editing to version 4.0.1 or higher.",-,true
SVD-2023-0609,"For Splunk Enterprise, upgrade versions to 8.1.14, 8.2.11, 9.0.5, or higher.",-,false
SVD-2023-0608,"Upgrade the Splunk App for Lookup Editing to version 4.0.1 or higher.",-,true
SVD-2023-0607,"Upgrade the Splunk App for Stream to version 8.1.1 or higher.",-,true
SVD-2023-0606,"For Splunk Enterprise, upgrade versions to 8.1.14, 8.2.11, 9.0.5, or higher.",-,false
SVD-2023-0605,"For Splunk Enterprise, upgrade versions to 8.1.14, 8.2.11, 9.0.5, or higher.",-,false
SVD-2023-0604,"For Splunk Enterprise, upgrade versions to 8.1.14, 8.2.11, 9.0.5, or higher.",-,false
SVD-2023-0603,"For Splunk Enterprise, upgrade versions to 9.0.5, 8.2.11, 8.1.14, or higher.",-,false
SVD-2023-0602,"For Splunk Enterprise, upgrade versions to 9.0.5, 8.2.11, 8.1.14, or higher.",-,false
SVD-2023-0601,"For Splunk Enterprise, upgrade versions to 8.1.14, 8.2.11, 9.0.5, or higher.",-,false
SVD-2023-0215,"For Splunk Enterprise, upgrade versions to 8.1.12, 8.2.9, 9.0.4, or higher",-,false
SVD-2023-0214,"none","https://advisory.splunk.com/advisories/SVD-2023-0214",false
SVD-2023-0213,"Upgrade Add-on Builder to version 4.1.2 or higher","https://advisory.splunk.com/advisories/SVD-2023-0213",true
SVD-2023-0212,"For Splunk Enterprise, upgrade versions to 8.1.13, 8.2.10, 9.0.4, or higher",-,false
SVD-2023-0211,"For Splunk Enterprise, upgrade versions to 8.1.13, 8.2.10, 9.0.4, or higher",-,false
SVD-2023-0210,"For Splunk Enterprise, upgrade versions to 8.1.13, 8.2.10, 9.0.4, or higher",-,false
SVD-2023-0209,"For Splunk Enterprise, upgrade versions to 8.1.13, 8.2.10, 9.0.4, or higher",-,false
SVD-2023-0208,"For Splunk Enterprise, upgrade versions to 8.1.13, 8.2.10, 9.0.4, or higher",-,false
SVD-2023-0207,"For Splunk Enterprise, upgrade versions to 8.1.13, 8.2.10, 9.0.4, or higher",-,false
SVD-2023-0206,"For Splunk Enterprise, upgrade versions to 8.1.13, 8.2.10, 9.0.4, or higher",-,false
SVD-2023-0205,"For Splunk Enterprise, upgrade versions to 8.1.13, 8.2.10, 9.0.4, or higher",-,false
SVD-2023-0204,"For Splunk Enterprise, upgrade versions to 8.1.13, 8.2.10, 9.0.4, or higher",-,false
SVD-2023-0203,"For Splunk Enterprise, upgrade versions to 8.1.13, 8.2.10, 9.0.4, or higher",-,false
SVD-2023-0202,"For Splunk Enterprise 9.0 versions, upgrade to 9.0.4 or higher",-,false
SVD-2023-0201,"For Splunk Enterprise, upgrade versions to 8.1.13, 8.2.10, or higher",-,false
SVD-2022-1114,"none","https://advisory.splunk.com/advisories/SVD-2022-1114",false
SVD-2022-1113,"For Splunk Enterprise, upgrade versions to 8.1.12, 8.2.9, 9.0.2, or higher",-,false
SVD-2022-1112,"For Splunk Enterprise, upgrade versions to 8.1.12, 8.2.9, 9.0.2, or higher",-,false
SVD-2022-1111,"For Splunk Enterprise, upgrade versions to 8.1.12, 8.2.9, 9.0.2, or higher",-,false
SVD-2022-1110,"For Splunk Enterprise, upgrade versions to 8.1.12, 8.2.9, 9.0.2, or higher",-,false
SVD-2022-1109,"For Splunk Enterprise, upgrade versions to 8.1.12, 8.2.9, 9.0.2, or higher",-,false
SVD-2022-1108,"For Splunk Enterprise, upgrade versions to 8.1.12, 8.2.9, 9.0.2, or higher",-,false
SVD-2022-1107,"For Splunk Enterprise, upgrade versions to 8.1.12, 8.2.9, 9.0.2, or higher",-,false
SVD-2022-1106,"For Splunk Enterprise, upgrade versions to 8.1.12, 8.2.9, 9.0.2, or higher",-,false
SVD-2022-1105,"For Splunk Enterprise, upgrade versions to 8.1.12, 8.2.9, or higher",-,false
SVD-2022-1104,"For Splunk Enterprise, upgrade versions to 8.1.12, 8.2.9, or higher",-,false
SVD-2022-1103,"For Splunk Enterprise, upgrade versions to 8.1.12, 8.2.9, or higher",-,false
SVD-2022-1102,"For Splunk Enterprise, upgrade versions to 8.1.12, 8.2.9, 9.0.2, or higher",-,false
SVD-2022-1101,"For Splunk Enterprise, upgrade versions to 8.1.12, 8.2.9, 9.0.2, or higher",-,false
SVD-2022-0804,"For Splunk Enterprise and Universal Forwarders, upgrade to 8.1.11, 8.2.7.1, 9.0.1, or higher",-,false
SVD-2022-0803,"For Splunk Enterprise and Universal Forwarder customers, upgrade versions to 8.1.11, 8.2.7.1, or higher",-,false
SVD-2022-0802,"For Splunk Enterprise, upgrade versions to 8.1.11, 8.2.7.1, 9.0.1, or higher",-,false
SVD-2022-0801,"For Splunk Enterprise customers that use Ingest Actions, in particular to create or test new destinations, and have configured TLS certificate validation, upgrade Splunk Enterprise 9.0.0 to 9.0.1 or higher.",-,false
SVD-2022-0608,"Upgrade Splunk Enterprise deployment servers to versionÂ 8.1.10.1, 8.2.6.1, and 9.0 or later"|"Configure authentication for deployment servers and clients","https://docs.splunk.com/Documentation/Splunk/latest/Security/ConfigDSDCAuthEnhancements#Configure_authentication_for_deployment_servers_and_clients",false
SVD-2022-0607,"Configure authentication for deployment servers and clients"|"deployment servers can manage only universal forwarder versions 9.0 and later","https://docs.splunk.com/Documentation/Splunk/latest/Security/ConfigDSDCAuthEnhancements#Configure_authentication_for_deployment_servers_and_clients",false
SVD-2022-0606,"Upgrade Splunk Enterprise and Universal Forwarder versions to 9.0 or higher"|"Configure TLS host name validation for the Splunk CLI","https://docs.splunk.com/Documentation/Splunk/latest/Security/EnableTLSCertHostnameValidation#Configure_TLS_host_name_validation_for_the_Splunk_CLI",false
SVD-2022-0605,"Upgrade Universal Forwarder versions to 9.0 OR set disableDefaultPort = true in server.conf OR allowRemoteLogin = never in server.conf OR mgmtHostPort = localhost in web.conf.",-,false
SVD-2022-0604,"For Splunk Enterprise, upgrade to version 9.0 or higher",-,false
SVD-2022-0603,"Update to Splunk Enterprise version 9.0 or higher"|"Configure TLS host name validation","https://docs.splunk.com/Documentation/Splunk/latest/Security/EnableTLSCertHostnameValidation",false
SVD-2022-0602,"Update to Splunk Enterprise version 9.0 or higher"|"Configure TLS host validation for Splunk-to-Splunk communications","https://docs.splunk.com/Documentation/Splunk/9.0.0/Security/EnableTLSCertHostnameValidation",false
SVD-2022-0601,"Splunk Enterprise, upgrade to version 9.0"|"Configure TLS host name validation for Splunk Python modules","https://docs.splunk.com/Documentation/Splunk/9.0.0/Security/EnableTLSCertHostnameValidation#Configure_TLS_host_name_validation_for_Splunk_Python_modules",false
SVD-2022-0507,"Upgrade Splunk Enterprise to 8.1.0 or later",-,false
SVD-2022-0506,"Upgrade Splunk Enterprise to 8.1.2 or later",-,false
SVD-2022-0505,"Upgrade Splunk Enterprise to 8.1.4 or later",-,false
SVD-2022-0504,"Upgrade Splunk Enterprise instances using DUO MFA to 8.1.6 or later",-,false
SVD-2022-0503,"Upgrade Splunk Enterprise Indexer 8.1 versions to 8.1.5 or later and 8.2.0 versions to 8.2.1 or later",-,false
SVD-2022-0502,"Upgrade Splunk Enterprise versions to 8.1.7 or later",-,false
SVD-2022-0501,"Upgrade Splunk Enterprise Window versions to 8.1.1 or later",-,false
SVD-2022-0301,"Configure Splunk forwarding to use your own SSL certificates","https://docs.splunk.com/Documentation/Splunk/latest/Security/ConfigureSplunkforwardingtousesignedcertificates  & control forwarder access https://docs.splunk.com/Documentation/Forwarder/latest/Forwarder/Controlforwarderaccess",false
SVD-2021-1201,"none","https://www.splunk.com/en_us/blog/bulletins/splunk-security-advisory-for-apache-log4j-cve-2021-44228.html",false