"svd_id",server,label,currentVersion,targetVersion,upgradeNecessary,"major_a","minor_a","point_a","hotfix_a","major_t","minor_t","point_t","hotfix_t",mitFlag
"SVD-2024-0801","deb-spl","Python for Scientific Computing","4.2.1","4.2.1",no,4,2,1,"-1",4,2,1,"-1",mitigated
"SVD-2024-0112","deb-spl","Splunk Add-on Builder","4.2.0","4.1.4",no,4,2,0,"-1",4,1,4,"-1",""
"SVD-2024-0111","deb-spl","Splunk Add-on Builder","4.2.0","4.1.4",no,4,2,0,"-1",4,1,4,"-1",""
"SVD-2024-0110","deb-spl","Splunk Add-on Builder","4.2.0","4.1.4",no,4,2,0,"-1",4,1,4,"-1",""
"SVD-2024-0103","deb-spl","Enterprise Security","7.1.3","7.1.2",no,7,1,3,"-1",7,1,2,"-1",""
"SVD-2024-0103","deb-spl","Enterprise Security","7.1.3","7.2.0",no,7,1,3,"-1",7,1,2,"-1",""
"SVD-2024-0103","deb-spl","Enterprise Security","7.1.3","7.3.0",no,7,1,3,"-1",7,1,2,"-1",""
"SVD-2024-0102","deb-spl","Enterprise Security","7.1.3","7.1.2",no,7,1,3,"-1",7,1,2,"-1",""
"SVD-2024-0102","deb-spl","Enterprise Security","7.1.3","7.2.0",no,7,1,3,"-1",7,1,2,"-1",""
"SVD-2024-0102","deb-spl","Enterprise Security","7.1.3","7.3.0",no,7,1,3,"-1",7,1,2,"-1",""
"SVD-2024-0101","deb-spl","Enterprise Security","7.1.3","7.1.2",no,7,1,3,"-1",7,1,2,"-1",""
"SVD-2024-0101","deb-spl","Enterprise Security","7.1.3","7.2.0",no,7,1,3,"-1",7,1,2,"-1",""
"SVD-2024-0101","deb-spl","Enterprise Security","7.1.3","7.3.0",no,7,1,3,"-1",7,1,2,"-1",""
"SVD-2023-1102","deb-spl","Splunk Add-on for Google Cloud Platform","4.4.0","4.3.0",no,4,4,0,"-1",4,3,0,"-1",""
"SVD-2023-1101",,"Splunk Add-on for AWS",,"7.2.0","not installed",,,"-1","-1",7,2,0,"-1",""
"SVD-2023-0811","deb-spl","IT Service Intelligence","4.15.1337","4.13.3",no,4,15,1337,"-1",4,13,3,"-1",""
"SVD-2023-0811","deb-spl","IT Service Intelligence","4.15.1337","4.15.3",no,4,15,1337,"-1",4,13,3,"-1",""
"SVD-2023-0810","deb-spl","IT Service Intelligence","4.15.1337","4.13.3",no,4,15,1337,"-1",4,13,3,"-1",""
"SVD-2023-0810","deb-spl","IT Service Intelligence","4.15.1337","4.15.3",no,4,15,1337,"-1",4,13,3,"-1",""
"SVD-2023-0610","deb-spl","Splunk App for Lookup File Editing","4.0.2","4.0.1",no,4,0,2,"-1",4,0,1,"-1",""
"SVD-2023-0608","deb-spl","Splunk App for Lookup File Editing","4.0.2","4.0.1",no,4,0,2,"-1",4,0,1,"-1",""
"SVD-2023-0607",,"Splunk Stream",,"8.1.1","not installed",,,"-1","-1",8,1,1,"-1",""
"SVD-2023-0213","deb-spl","Splunk Add-on Builder","4.2.0","4.1.2",no,4,2,0,"-1",4,1,2,"-1",""
