"svd_id",evalProduct,evalUf,targetVersion,getVersion,upgradeNecessary,"major_t","minor_t","point_t","hotfix_t","major_a","minor_a","point_a","hotfix_a",checkMajor,checkMinor,checkPoint,checkHotfix,mitFlag
"SVD-2024-0718","Splunk Enterprise",,"9.2.1","9.1.5",yes,9,2,1,"-1",9,1,5,"-1",equal,abort,complete,complete,""
"SVD-2024-0718","Splunk Enterprise",,"9.1.4","9.1.5",no,9,1,4,"-1",9,1,5,"-1",equal,equal,complete,complete,mitigated
"SVD-2024-0718","Splunk Enterprise",,"9.0.9","9.1.5",no,9,0,9,"-1",9,1,5,"-1",equal,complete,abort,complete,""
"SVD-2024-0717","Splunk Enterprise",,"9.2.2","9.1.5",yes,9,2,2,"-1",9,1,5,"-1",equal,abort,complete,complete,""
"SVD-2024-0717","Splunk Enterprise",,"9.1.5","9.1.5",no,9,1,5,"-1",9,1,5,"-1",equal,equal,equal,complete,mitigated
"SVD-2024-0717","Splunk Enterprise",,"9.0.10","9.1.5",no,9,0,10,"-1",9,1,5,"-1",equal,complete,abort,complete,""
"SVD-2024-0716","Splunk Enterprise",,"9.2.2","9.1.5",yes,9,2,2,"-1",9,1,5,"-1",equal,abort,complete,complete,""
"SVD-2024-0716","Splunk Enterprise",,"9.1.5","9.1.5",no,9,1,5,"-1",9,1,5,"-1",equal,equal,equal,complete,mitigated
"SVD-2024-0716","Splunk Enterprise",,"9.0.10","9.1.5",no,9,0,10,"-1",9,1,5,"-1",equal,complete,abort,complete,""
"SVD-2024-0715","Splunk Enterprise",,"9.2.2","9.1.5",yes,9,2,2,"-1",9,1,5,"-1",equal,abort,complete,complete,""
"SVD-2024-0715","Splunk Enterprise",,"9.1.5","9.1.5",no,9,1,5,"-1",9,1,5,"-1",equal,equal,equal,complete,mitigated
"SVD-2024-0715","Splunk Enterprise",,"9.0.10","9.1.5",no,9,0,10,"-1",9,1,5,"-1",equal,complete,abort,complete,""
"SVD-2024-0714","Splunk Enterprise",,"9.2.2","9.1.5",yes,9,2,2,"-1",9,1,5,"-1",equal,abort,complete,complete,""
"SVD-2024-0714","Splunk Enterprise",,"9.1.5","9.1.5",no,9,1,5,"-1",9,1,5,"-1",equal,equal,equal,complete,mitigated
"SVD-2024-0714","Splunk Enterprise",,"9.0.10","9.1.5",no,9,0,10,"-1",9,1,5,"-1",equal,complete,abort,complete,""
"SVD-2024-0713","Splunk Enterprise",,"9.2.2","9.1.5",yes,9,2,2,"-1",9,1,5,"-1",equal,abort,complete,complete,""
"SVD-2024-0713","Splunk Enterprise",,"9.1.5","9.1.5",no,9,1,5,"-1",9,1,5,"-1",equal,equal,equal,complete,mitigated
"SVD-2024-0713","Splunk Enterprise",,"9.0.10","9.1.5",no,9,0,10,"-1",9,1,5,"-1",equal,complete,abort,complete,""
"SVD-2024-0712","Splunk Enterprise",,"9.2.2","9.1.5",yes,9,2,2,"-1",9,1,5,"-1",equal,abort,complete,complete,""
"SVD-2024-0712","Splunk Enterprise",,"9.1.5","9.1.5",no,9,1,5,"-1",9,1,5,"-1",equal,equal,equal,complete,mitigated
"SVD-2024-0712","Splunk Enterprise",,"9.0.10","9.1.5",no,9,0,10,"-1",9,1,5,"-1",equal,complete,abort,complete,""
"SVD-2024-0711","Splunk Enterprise",,"9.2.2","9.1.5",yes,9,2,2,"-1",9,1,5,"-1",equal,abort,complete,complete,""
"SVD-2024-0711","Splunk Enterprise",,"9.1.5","9.1.5",no,9,1,5,"-1",9,1,5,"-1",equal,equal,equal,complete,mitigated
"SVD-2024-0711","Splunk Enterprise",,"9.0.10","9.1.5",no,9,0,10,"-1",9,1,5,"-1",equal,complete,abort,complete,""
"SVD-2024-0710","Splunk Enterprise",,"9.2.2","9.1.5",yes,9,2,2,"-1",9,1,5,"-1",equal,abort,complete,complete,""
"SVD-2024-0710","Splunk Enterprise",,"9.1.5","9.1.5",no,9,1,5,"-1",9,1,5,"-1",equal,equal,equal,complete,mitigated
"SVD-2024-0710","Splunk Enterprise",,"9.0.10","9.1.5",no,9,0,10,"-1",9,1,5,"-1",equal,complete,abort,complete,""
"SVD-2024-0709","Splunk Enterprise",,"9.2.2","9.1.5",yes,9,2,2,"-1",9,1,5,"-1",equal,abort,complete,complete,""
"SVD-2024-0709","Splunk Enterprise",,"9.1.5","9.1.5",no,9,1,5,"-1",9,1,5,"-1",equal,equal,equal,complete,mitigated
"SVD-2024-0709","Splunk Enterprise",,"9.0.10","9.1.5",no,9,0,10,"-1",9,1,5,"-1",equal,complete,abort,complete,""
"SVD-2024-0708","Splunk Enterprise","Universal Forwarder","9.2.2","9.1.5",yes,9,2,2,"-1",9,1,5,"-1",equal,abort,complete,complete,""
"SVD-2024-0708","Splunk Enterprise","Universal Forwarder","9.1.5","9.1.5",no,9,1,5,"-1",9,1,5,"-1",equal,equal,equal,complete,mitigated
"SVD-2024-0708","Splunk Enterprise","Universal Forwarder","9.0.10","9.1.5",no,9,0,10,"-1",9,1,5,"-1",equal,complete,abort,complete,""
"SVD-2024-0707","Splunk Enterprise",,"9.2.2","9.1.5",yes,9,2,2,"-1",9,1,5,"-1",equal,abort,complete,complete,""
"SVD-2024-0707","Splunk Enterprise",,"9.1.5","9.1.5",no,9,1,5,"-1",9,1,5,"-1",equal,equal,equal,complete,mitigated
"SVD-2024-0707","Splunk Enterprise",,"9.0.10","9.1.5",no,9,0,10,"-1",9,1,5,"-1",equal,complete,abort,complete,""
"SVD-2024-0706","Splunk Enterprise",,"9.2.2","9.1.5",yes,9,2,2,"-1",9,1,5,"-1",equal,abort,complete,complete,""
"SVD-2024-0706","Splunk Enterprise",,"9.1.5","9.1.5",no,9,1,5,"-1",9,1,5,"-1",equal,equal,equal,complete,mitigated
"SVD-2024-0706","Splunk Enterprise",,"9.0.10","9.1.5",no,9,0,10,"-1",9,1,5,"-1",equal,complete,abort,complete,""
"SVD-2024-0705","Splunk Enterprise",,"9.2.2","9.1.5",yes,9,2,2,"-1",9,1,5,"-1",equal,abort,complete,complete,""
"SVD-2024-0705","Splunk Enterprise",,"9.1.5","9.1.5",no,9,1,5,"-1",9,1,5,"-1",equal,equal,equal,complete,mitigated
"SVD-2024-0705","Splunk Enterprise",,"9.0.10","9.1.5",no,9,0,10,"-1",9,1,5,"-1",equal,complete,abort,complete,""
"SVD-2024-0704","Splunk Enterprise",,"9.2.2","9.1.5",yes,9,2,2,"-1",9,1,5,"-1",equal,abort,complete,complete,""
"SVD-2024-0704","Splunk Enterprise",,"9.1.5","9.1.5",no,9,1,5,"-1",9,1,5,"-1",equal,equal,equal,complete,mitigated
"SVD-2024-0704","Splunk Enterprise",,"9.0.10","9.1.5",no,9,0,10,"-1",9,1,5,"-1",equal,complete,abort,complete,""
"SVD-2024-0703","Splunk Enterprise",,"9.2.2","9.1.5",yes,9,2,2,"-1",9,1,5,"-1",equal,abort,complete,complete,""
"SVD-2024-0703","Splunk Enterprise",,"9.1.5","9.1.5",no,9,1,5,"-1",9,1,5,"-1",equal,equal,equal,complete,mitigated
"SVD-2024-0703","Splunk Enterprise",,"9.0.10","9.1.5",no,9,0,10,"-1",9,1,5,"-1",equal,complete,abort,complete,""
"SVD-2024-0702","Splunk Enterprise",,"9.2.2","9.1.5",yes,9,2,2,"-1",9,1,5,"-1",equal,abort,complete,complete,""
"SVD-2024-0702","Splunk Enterprise",,"9.1.5","9.1.5",no,9,1,5,"-1",9,1,5,"-1",equal,equal,equal,complete,mitigated
"SVD-2024-0702","Splunk Enterprise",,"9.0.10","9.1.5",no,9,0,10,"-1",9,1,5,"-1",equal,complete,abort,complete,""
"SVD-2024-0701","Splunk Enterprise",,"9.2.2","9.1.5",yes,9,2,2,"-1",9,1,5,"-1",equal,abort,complete,complete,""
"SVD-2024-0701","Splunk Enterprise",,"9.1.5","9.1.5",no,9,1,5,"-1",9,1,5,"-1",equal,equal,equal,complete,mitigated
"SVD-2024-0701","Splunk Enterprise",,"9.0.10","9.1.5",no,9,0,10,"-1",9,1,5,"-1",equal,complete,abort,complete,""
"SVD-2024-0303","Splunk Enterprise",,"9.2.1","9.1.5",yes,9,2,1,"-1",9,1,5,"-1",equal,abort,complete,complete,""
"SVD-2024-0303","Splunk Enterprise",,"9.1.4","9.1.5",no,9,1,4,"-1",9,1,5,"-1",equal,equal,complete,complete,mitigated
"SVD-2024-0303","Splunk Enterprise",,"9.0.9","9.1.5",no,9,0,9,"-1",9,1,5,"-1",equal,complete,abort,complete,""
"SVD-2024-0302","Splunk Enterprise",,"9.2.1","9.1.5",yes,9,2,1,"-1",9,1,5,"-1",equal,abort,complete,complete,""
"SVD-2024-0302","Splunk Enterprise",,"9.1.4","9.1.5",no,9,1,4,"-1",9,1,5,"-1",equal,equal,complete,complete,mitigated
"SVD-2024-0302","Splunk Enterprise",,"9.0.9","9.1.5",no,9,0,9,"-1",9,1,5,"-1",equal,complete,abort,complete,""
"SVD-2024-0301","Splunk Enterprise",,"9.2.1","9.1.5",yes,9,2,1,"-1",9,1,5,"-1",equal,abort,complete,complete,""
"SVD-2024-0301","Splunk Enterprise",,"9.1.4","9.1.5",no,9,1,4,"-1",9,1,5,"-1",equal,equal,complete,complete,mitigated
"SVD-2024-0301","Splunk Enterprise",,"9.0.9","9.1.5",no,9,0,9,"-1",9,1,5,"-1",equal,complete,abort,complete,""
"SVD-2024-0109","Splunk Enterprise",,"9.0.8","9.1.5",no,9,0,8,"-1",9,1,5,"-1",equal,complete,abort,complete,""
"SVD-2024-0109","Splunk Enterprise",,"9.1.3","9.1.5",no,9,1,3,"-1",9,1,5,"-1",equal,equal,complete,complete,mitigated
"SVD-2024-0108","Splunk Enterprise",,"9.0.8","9.1.5",no,9,0,8,"-1",9,1,5,"-1",equal,complete,abort,complete,""
"SVD-2024-0108","Splunk Enterprise",,"9.1.3","9.1.5",no,9,1,3,"-1",9,1,5,"-1",equal,equal,complete,complete,mitigated
"SVD-2024-0107","Splunk Enterprise",,"9.0.8","9.1.5",no,9,0,8,"-1",9,1,5,"-1",equal,complete,abort,complete,""
"SVD-2024-0106","Splunk Enterprise",,"9.0.8","9.1.5",no,9,0,8,"-1",9,1,5,"-1",equal,complete,abort,complete,""
"SVD-2024-0106","Splunk Enterprise",,"9.1.3","9.1.5",no,9,1,3,"-1",9,1,5,"-1",equal,equal,complete,complete,mitigated
"SVD-2024-0105","Splunk Enterprise",,"9.0.8","9.1.5",no,9,0,8,"-1",9,1,5,"-1",equal,complete,abort,complete,""
"SVD-2024-0105","Splunk Enterprise",,"9.1.3","9.1.5",no,9,1,3,"-1",9,1,5,"-1",equal,equal,complete,complete,mitigated
"SVD-2023-1105","Splunk Enterprise",,"9.0.7","9.1.5",no,9,0,7,"-1",9,1,5,"-1",equal,complete,abort,complete,""
"SVD-2023-1105","Splunk Enterprise",,"9.1.2","9.1.5",no,9,1,2,"-1",9,1,5,"-1",equal,equal,complete,complete,mitigated
"SVD-2023-1104","Splunk Enterprise",,"9.0.7","9.1.5",no,9,0,7,"-1",9,1,5,"-1",equal,complete,abort,complete,""
"SVD-2023-1104","Splunk Enterprise",,"9.1.2","9.1.5",no,9,1,2,"-1",9,1,5,"-1",equal,equal,complete,complete,mitigated
"SVD-2023-1103","Splunk Enterprise",,"9.0.7","9.1.5",no,9,0,7,"-1",9,1,5,"-1",equal,complete,abort,complete,""
"SVD-2023-1103","Splunk Enterprise",,"9.1.2","9.1.5",no,9,1,2,"-1",9,1,5,"-1",equal,equal,complete,complete,mitigated
"SVD-2023-0808","Splunk Enterprise",,"8.2.12","9.1.5",no,8,2,12,"-1",9,1,5,"-1",complete,abort,abort,complete,""
"SVD-2023-0808","Splunk Enterprise",,"9.0.6","9.1.5",no,9,0,6,"-1",9,1,5,"-1",equal,complete,abort,complete,""
"SVD-2023-0808","Splunk Enterprise",,"9.1.1","9.1.5",no,9,1,1,"-1",9,1,5,"-1",equal,equal,complete,complete,mitigated
"SVD-2023-0807","Splunk Enterprise",,"8.2.12","9.1.5",no,8,2,12,"-1",9,1,5,"-1",complete,abort,abort,complete,""
"SVD-2023-0807","Splunk Enterprise",,"9.0.6","9.1.5",no,9,0,6,"-1",9,1,5,"-1",equal,complete,abort,complete,""
"SVD-2023-0807","Splunk Enterprise",,"9.1.1","9.1.5",no,9,1,1,"-1",9,1,5,"-1",equal,equal,complete,complete,mitigated
"SVD-2023-0806","Splunk Enterprise",,"8.2.12","9.1.5",no,8,2,12,"-1",9,1,5,"-1",complete,abort,abort,complete,""
"SVD-2023-0806","Splunk Enterprise",,"9.0.6","9.1.5",no,9,0,6,"-1",9,1,5,"-1",equal,complete,abort,complete,""
"SVD-2023-0806","Splunk Enterprise",,"9.1.1","9.1.5",no,9,1,1,"-1",9,1,5,"-1",equal,equal,complete,complete,mitigated
"SVD-2023-0805","Splunk Enterprise",,"8.2.12","9.1.5",no,8,2,12,"-1",9,1,5,"-1",complete,abort,abort,complete,""
"SVD-2023-0805","Splunk Enterprise",,"9.0.6","9.1.5",no,9,0,6,"-1",9,1,5,"-1",equal,complete,abort,complete,""
"SVD-2023-0805","Splunk Enterprise",,"9.1.1","9.1.5",no,9,1,1,"-1",9,1,5,"-1",equal,equal,complete,complete,mitigated
"SVD-2023-0804","Splunk Enterprise",,"8.2.12","9.1.5",no,8,2,12,"-1",9,1,5,"-1",complete,abort,abort,complete,""
"SVD-2023-0804","Splunk Enterprise",,"9.0.6","9.1.5",no,9,0,6,"-1",9,1,5,"-1",equal,complete,abort,complete,""
"SVD-2023-0804","Splunk Enterprise",,"9.1.1","9.1.5",no,9,1,1,"-1",9,1,5,"-1",equal,equal,complete,complete,mitigated
"SVD-2023-0803","Splunk Enterprise",,"8.2.12","9.1.5",no,8,2,12,"-1",9,1,5,"-1",complete,abort,abort,complete,""
"SVD-2023-0803","Splunk Enterprise",,"9.0.6","9.1.5",no,9,0,6,"-1",9,1,5,"-1",equal,complete,abort,complete,""
"SVD-2023-0803","Splunk Enterprise",,"9.1.1","9.1.5",no,9,1,1,"-1",9,1,5,"-1",equal,equal,complete,complete,mitigated
"SVD-2023-0802","Splunk Enterprise",,"8.2.12","9.1.5",no,8,2,12,"-1",9,1,5,"-1",complete,abort,abort,complete,""
"SVD-2023-0802","Splunk Enterprise",,"9.0.6","9.1.5",no,9,0,6,"-1",9,1,5,"-1",equal,complete,abort,complete,""
"SVD-2023-0801","Splunk Enterprise",,"8.2.12","9.1.5",no,8,2,12,"-1",9,1,5,"-1",complete,abort,abort,complete,""
"SVD-2023-0801","Splunk Enterprise",,"9.0.6","9.1.5",no,9,0,6,"-1",9,1,5,"-1",equal,complete,abort,complete,""
"SVD-2023-0801","Splunk Enterprise",,"9.1.1","9.1.5",no,9,1,1,"-1",9,1,5,"-1",equal,equal,complete,complete,mitigated
"SVD-2023-0613","Splunk Enterprise",,"8.1.14","9.1.5",no,8,1,14,"-1",9,1,5,"-1",complete,equal,abort,complete,""
"SVD-2023-0613","Splunk Enterprise",,"8.2.11","9.1.5",no,8,2,11,"-1",9,1,5,"-1",complete,abort,abort,complete,""
"SVD-2023-0613","Splunk Enterprise",,"9.0.5","9.1.5",no,9,0,5,"-1",9,1,5,"-1",equal,complete,equal,complete,""
"SVD-2023-0612","Splunk Enterprise",,"9.0.5","9.1.5",no,9,0,5,"-1",9,1,5,"-1",equal,complete,equal,complete,""
"SVD-2023-0612","Splunk Enterprise",,"8.2.11","9.1.5",no,8,2,11,"-1",9,1,5,"-1",complete,abort,abort,complete,""
"SVD-2023-0612","Splunk Enterprise",,"8.1.14","9.1.5",no,8,1,14,"-1",9,1,5,"-1",complete,equal,abort,complete,""
"SVD-2023-0611","Splunk Enterprise",,"9.0.5","9.1.5",no,9,0,5,"-1",9,1,5,"-1",equal,complete,equal,complete,""
"SVD-2023-0611","Splunk Enterprise",,"8.2.11","9.1.5",no,8,2,11,"-1",9,1,5,"-1",complete,abort,abort,complete,""
"SVD-2023-0611","Splunk Enterprise",,"8.1.14","9.1.5",no,8,1,14,"-1",9,1,5,"-1",complete,equal,abort,complete,""
"SVD-2023-0609","Splunk Enterprise",,"8.1.14","9.1.5",no,8,1,14,"-1",9,1,5,"-1",complete,equal,abort,complete,""
"SVD-2023-0609","Splunk Enterprise",,"8.2.11","9.1.5",no,8,2,11,"-1",9,1,5,"-1",complete,abort,abort,complete,""
"SVD-2023-0609","Splunk Enterprise",,"9.0.5","9.1.5",no,9,0,5,"-1",9,1,5,"-1",equal,complete,equal,complete,""
"SVD-2023-0606","Splunk Enterprise",,"8.1.14","9.1.5",no,8,1,14,"-1",9,1,5,"-1",complete,equal,abort,complete,""
"SVD-2023-0606","Splunk Enterprise",,"8.2.11","9.1.5",no,8,2,11,"-1",9,1,5,"-1",complete,abort,abort,complete,""
"SVD-2023-0606","Splunk Enterprise",,"9.0.5","9.1.5",no,9,0,5,"-1",9,1,5,"-1",equal,complete,equal,complete,""
"SVD-2023-0605","Splunk Enterprise",,"8.1.14","9.1.5",no,8,1,14,"-1",9,1,5,"-1",complete,equal,abort,complete,""
"SVD-2023-0605","Splunk Enterprise",,"8.2.11","9.1.5",no,8,2,11,"-1",9,1,5,"-1",complete,abort,abort,complete,""
"SVD-2023-0605","Splunk Enterprise",,"9.0.5","9.1.5",no,9,0,5,"-1",9,1,5,"-1",equal,complete,equal,complete,""
"SVD-2023-0604","Splunk Enterprise",,"8.1.14","9.1.5",no,8,1,14,"-1",9,1,5,"-1",complete,equal,abort,complete,""
"SVD-2023-0604","Splunk Enterprise",,"8.2.11","9.1.5",no,8,2,11,"-1",9,1,5,"-1",complete,abort,abort,complete,""
"SVD-2023-0604","Splunk Enterprise",,"9.0.5","9.1.5",no,9,0,5,"-1",9,1,5,"-1",equal,complete,equal,complete,""
"SVD-2023-0603","Splunk Enterprise",,"9.0.5","9.1.5",no,9,0,5,"-1",9,1,5,"-1",equal,complete,equal,complete,""
"SVD-2023-0603","Splunk Enterprise",,"8.2.11","9.1.5",no,8,2,11,"-1",9,1,5,"-1",complete,abort,abort,complete,""
"SVD-2023-0603","Splunk Enterprise",,"8.1.14","9.1.5",no,8,1,14,"-1",9,1,5,"-1",complete,equal,abort,complete,""
"SVD-2023-0602","Splunk Enterprise",,"9.0.5","9.1.5",no,9,0,5,"-1",9,1,5,"-1",equal,complete,equal,complete,""
"SVD-2023-0602","Splunk Enterprise",,"8.2.11","9.1.5",no,8,2,11,"-1",9,1,5,"-1",complete,abort,abort,complete,""
"SVD-2023-0602","Splunk Enterprise",,"8.1.14","9.1.5",no,8,1,14,"-1",9,1,5,"-1",complete,equal,abort,complete,""
"SVD-2023-0601","Splunk Enterprise",,"8.1.14","9.1.5",no,8,1,14,"-1",9,1,5,"-1",complete,equal,abort,complete,""
"SVD-2023-0601","Splunk Enterprise",,"8.2.11","9.1.5",no,8,2,11,"-1",9,1,5,"-1",complete,abort,abort,complete,""
"SVD-2023-0601","Splunk Enterprise",,"9.0.5","9.1.5",no,9,0,5,"-1",9,1,5,"-1",equal,complete,equal,complete,""
"SVD-2023-0215","Splunk Enterprise",,"8.1.12","9.1.5",no,8,1,12,"-1",9,1,5,"-1",complete,equal,abort,complete,""
"SVD-2023-0215","Splunk Enterprise",,"8.2.9","9.1.5",no,8,2,9,"-1",9,1,5,"-1",complete,abort,abort,complete,""
"SVD-2023-0215","Splunk Enterprise",,"9.0.4","9.1.5",no,9,0,4,"-1",9,1,5,"-1",equal,complete,complete,complete,""
"SVD-2023-0212","Splunk Enterprise",,"8.1.13","9.1.5",no,8,1,13,"-1",9,1,5,"-1",complete,equal,abort,complete,""
"SVD-2023-0212","Splunk Enterprise",,"8.2.10","9.1.5",no,8,2,10,"-1",9,1,5,"-1",complete,abort,abort,complete,""
"SVD-2023-0212","Splunk Enterprise",,"9.0.4","9.1.5",no,9,0,4,"-1",9,1,5,"-1",equal,complete,complete,complete,""
"SVD-2023-0211","Splunk Enterprise",,"8.1.13","9.1.5",no,8,1,13,"-1",9,1,5,"-1",complete,equal,abort,complete,""
"SVD-2023-0211","Splunk Enterprise",,"8.2.10","9.1.5",no,8,2,10,"-1",9,1,5,"-1",complete,abort,abort,complete,""
"SVD-2023-0211","Splunk Enterprise",,"9.0.4","9.1.5",no,9,0,4,"-1",9,1,5,"-1",equal,complete,complete,complete,""
"SVD-2023-0210","Splunk Enterprise",,"8.1.13","9.1.5",no,8,1,13,"-1",9,1,5,"-1",complete,equal,abort,complete,""
"SVD-2023-0210","Splunk Enterprise",,"8.2.10","9.1.5",no,8,2,10,"-1",9,1,5,"-1",complete,abort,abort,complete,""
"SVD-2023-0210","Splunk Enterprise",,"9.0.4","9.1.5",no,9,0,4,"-1",9,1,5,"-1",equal,complete,complete,complete,""
"SVD-2023-0209","Splunk Enterprise",,"8.1.13","9.1.5",no,8,1,13,"-1",9,1,5,"-1",complete,equal,abort,complete,""
"SVD-2023-0209","Splunk Enterprise",,"8.2.10","9.1.5",no,8,2,10,"-1",9,1,5,"-1",complete,abort,abort,complete,""
"SVD-2023-0209","Splunk Enterprise",,"9.0.4","9.1.5",no,9,0,4,"-1",9,1,5,"-1",equal,complete,complete,complete,""
"SVD-2023-0208","Splunk Enterprise",,"8.1.13","9.1.5",no,8,1,13,"-1",9,1,5,"-1",complete,equal,abort,complete,""
"SVD-2023-0208","Splunk Enterprise",,"8.2.10","9.1.5",no,8,2,10,"-1",9,1,5,"-1",complete,abort,abort,complete,""
"SVD-2023-0208","Splunk Enterprise",,"9.0.4","9.1.5",no,9,0,4,"-1",9,1,5,"-1",equal,complete,complete,complete,""
"SVD-2023-0207","Splunk Enterprise",,"8.1.13","9.1.5",no,8,1,13,"-1",9,1,5,"-1",complete,equal,abort,complete,""
"SVD-2023-0207","Splunk Enterprise",,"8.2.10","9.1.5",no,8,2,10,"-1",9,1,5,"-1",complete,abort,abort,complete,""
"SVD-2023-0207","Splunk Enterprise",,"9.0.4","9.1.5",no,9,0,4,"-1",9,1,5,"-1",equal,complete,complete,complete,""
"SVD-2023-0206","Splunk Enterprise",,"8.1.13","9.1.5",no,8,1,13,"-1",9,1,5,"-1",complete,equal,abort,complete,""
"SVD-2023-0206","Splunk Enterprise",,"8.2.10","9.1.5",no,8,2,10,"-1",9,1,5,"-1",complete,abort,abort,complete,""
"SVD-2023-0206","Splunk Enterprise",,"9.0.4","9.1.5",no,9,0,4,"-1",9,1,5,"-1",equal,complete,complete,complete,""
"SVD-2023-0205","Splunk Enterprise",,"8.1.13","9.1.5",no,8,1,13,"-1",9,1,5,"-1",complete,equal,abort,complete,""
"SVD-2023-0205","Splunk Enterprise",,"8.2.10","9.1.5",no,8,2,10,"-1",9,1,5,"-1",complete,abort,abort,complete,""
"SVD-2023-0205","Splunk Enterprise",,"9.0.4","9.1.5",no,9,0,4,"-1",9,1,5,"-1",equal,complete,complete,complete,""
"SVD-2023-0204","Splunk Enterprise",,"8.1.13","9.1.5",no,8,1,13,"-1",9,1,5,"-1",complete,equal,abort,complete,""
"SVD-2023-0204","Splunk Enterprise",,"8.2.10","9.1.5",no,8,2,10,"-1",9,1,5,"-1",complete,abort,abort,complete,""
"SVD-2023-0204","Splunk Enterprise",,"9.0.4","9.1.5",no,9,0,4,"-1",9,1,5,"-1",equal,complete,complete,complete,""
"SVD-2023-0203","Splunk Enterprise",,"8.1.13","9.1.5",no,8,1,13,"-1",9,1,5,"-1",complete,equal,abort,complete,""
"SVD-2023-0203","Splunk Enterprise",,"8.2.10","9.1.5",no,8,2,10,"-1",9,1,5,"-1",complete,abort,abort,complete,""
"SVD-2023-0203","Splunk Enterprise",,"9.0.4","9.1.5",no,9,0,4,"-1",9,1,5,"-1",equal,complete,complete,complete,""
"SVD-2023-0202","Splunk Enterprise",,"9.0","9.1.5",no,9,0,"-1","-1",9,1,5,"-1",equal,complete,complete,complete,""
"SVD-2023-0202","Splunk Enterprise",,"9.0.4","9.1.5",no,9,0,4,"-1",9,1,5,"-1",equal,complete,complete,complete,""
"SVD-2023-0201","Splunk Enterprise",,"8.1.13","9.1.5",no,8,1,13,"-1",9,1,5,"-1",complete,equal,abort,complete,""
"SVD-2023-0201","Splunk Enterprise",,"8.2.10","9.1.5",no,8,2,10,"-1",9,1,5,"-1",complete,abort,abort,complete,""
"SVD-2022-1113","Splunk Enterprise",,"8.1.12","9.1.5",no,8,1,12,"-1",9,1,5,"-1",complete,equal,abort,complete,""
"SVD-2022-1113","Splunk Enterprise",,"8.2.9","9.1.5",no,8,2,9,"-1",9,1,5,"-1",complete,abort,abort,complete,""
"SVD-2022-1113","Splunk Enterprise",,"9.0.2","9.1.5",no,9,0,2,"-1",9,1,5,"-1",equal,complete,complete,complete,""
"SVD-2022-1112","Splunk Enterprise",,"8.1.12","9.1.5",no,8,1,12,"-1",9,1,5,"-1",complete,equal,abort,complete,""
"SVD-2022-1112","Splunk Enterprise",,"8.2.9","9.1.5",no,8,2,9,"-1",9,1,5,"-1",complete,abort,abort,complete,""
"SVD-2022-1112","Splunk Enterprise",,"9.0.2","9.1.5",no,9,0,2,"-1",9,1,5,"-1",equal,complete,complete,complete,""
"SVD-2022-1111","Splunk Enterprise",,"8.1.12","9.1.5",no,8,1,12,"-1",9,1,5,"-1",complete,equal,abort,complete,""
"SVD-2022-1111","Splunk Enterprise",,"8.2.9","9.1.5",no,8,2,9,"-1",9,1,5,"-1",complete,abort,abort,complete,""
"SVD-2022-1111","Splunk Enterprise",,"9.0.2","9.1.5",no,9,0,2,"-1",9,1,5,"-1",equal,complete,complete,complete,""
"SVD-2022-1110","Splunk Enterprise",,"8.1.12","9.1.5",no,8,1,12,"-1",9,1,5,"-1",complete,equal,abort,complete,""
"SVD-2022-1110","Splunk Enterprise",,"8.2.9","9.1.5",no,8,2,9,"-1",9,1,5,"-1",complete,abort,abort,complete,""
"SVD-2022-1110","Splunk Enterprise",,"9.0.2","9.1.5",no,9,0,2,"-1",9,1,5,"-1",equal,complete,complete,complete,""
"SVD-2022-1109","Splunk Enterprise",,"8.1.12","9.1.5",no,8,1,12,"-1",9,1,5,"-1",complete,equal,abort,complete,""
"SVD-2022-1109","Splunk Enterprise",,"8.2.9","9.1.5",no,8,2,9,"-1",9,1,5,"-1",complete,abort,abort,complete,""
"SVD-2022-1109","Splunk Enterprise",,"9.0.2","9.1.5",no,9,0,2,"-1",9,1,5,"-1",equal,complete,complete,complete,""
"SVD-2022-1108","Splunk Enterprise",,"8.1.12","9.1.5",no,8,1,12,"-1",9,1,5,"-1",complete,equal,abort,complete,""
"SVD-2022-1108","Splunk Enterprise",,"8.2.9","9.1.5",no,8,2,9,"-1",9,1,5,"-1",complete,abort,abort,complete,""
"SVD-2022-1108","Splunk Enterprise",,"9.0.2","9.1.5",no,9,0,2,"-1",9,1,5,"-1",equal,complete,complete,complete,""
"SVD-2022-1107","Splunk Enterprise",,"8.1.12","9.1.5",no,8,1,12,"-1",9,1,5,"-1",complete,equal,abort,complete,""
"SVD-2022-1107","Splunk Enterprise",,"8.2.9","9.1.5",no,8,2,9,"-1",9,1,5,"-1",complete,abort,abort,complete,""
"SVD-2022-1107","Splunk Enterprise",,"9.0.2","9.1.5",no,9,0,2,"-1",9,1,5,"-1",equal,complete,complete,complete,""
"SVD-2022-1106","Splunk Enterprise",,"8.1.12","9.1.5",no,8,1,12,"-1",9,1,5,"-1",complete,equal,abort,complete,""
"SVD-2022-1106","Splunk Enterprise",,"8.2.9","9.1.5",no,8,2,9,"-1",9,1,5,"-1",complete,abort,abort,complete,""
"SVD-2022-1106","Splunk Enterprise",,"9.0.2","9.1.5",no,9,0,2,"-1",9,1,5,"-1",equal,complete,complete,complete,""
"SVD-2022-1105","Splunk Enterprise",,"8.1.12","9.1.5",no,8,1,12,"-1",9,1,5,"-1",complete,equal,abort,complete,""
"SVD-2022-1105","Splunk Enterprise",,"8.2.9","9.1.5",no,8,2,9,"-1",9,1,5,"-1",complete,abort,abort,complete,""
"SVD-2022-1104","Splunk Enterprise",,"8.1.12","9.1.5",no,8,1,12,"-1",9,1,5,"-1",complete,equal,abort,complete,""
"SVD-2022-1104","Splunk Enterprise",,"8.2.9","9.1.5",no,8,2,9,"-1",9,1,5,"-1",complete,abort,abort,complete,""
"SVD-2022-1103","Splunk Enterprise",,"8.1.12","9.1.5",no,8,1,12,"-1",9,1,5,"-1",complete,equal,abort,complete,""
"SVD-2022-1103","Splunk Enterprise",,"8.2.9","9.1.5",no,8,2,9,"-1",9,1,5,"-1",complete,abort,abort,complete,""
"SVD-2022-1102","Splunk Enterprise",,"8.1.12","9.1.5",no,8,1,12,"-1",9,1,5,"-1",complete,equal,abort,complete,""
"SVD-2022-1102","Splunk Enterprise",,"8.2.9","9.1.5",no,8,2,9,"-1",9,1,5,"-1",complete,abort,abort,complete,""
"SVD-2022-1102","Splunk Enterprise",,"9.0.2","9.1.5",no,9,0,2,"-1",9,1,5,"-1",equal,complete,complete,complete,""
"SVD-2022-1101","Splunk Enterprise",,"8.1.12","9.1.5",no,8,1,12,"-1",9,1,5,"-1",complete,equal,abort,complete,""
"SVD-2022-1101","Splunk Enterprise",,"8.2.9","9.1.5",no,8,2,9,"-1",9,1,5,"-1",complete,abort,abort,complete,""
"SVD-2022-1101","Splunk Enterprise",,"9.0.2","9.1.5",no,9,0,2,"-1",9,1,5,"-1",equal,complete,complete,complete,""
"SVD-2022-0804","Splunk Enterprise","Universal Forwarder","8.1.11","9.1.5",no,8,1,11,"-1",9,1,5,"-1",complete,equal,abort,complete,""
"SVD-2022-0804","Splunk Enterprise","Universal Forwarder","8.2.7.1","9.1.5",no,8,2,7,1,9,1,5,"-1",complete,abort,abort,abort,""
"SVD-2022-0804","Splunk Enterprise","Universal Forwarder","9.0.1","9.1.5",no,9,0,1,"-1",9,1,5,"-1",equal,complete,complete,complete,""
"SVD-2022-0803","Splunk Enterprise","Universal Forwarder","8.1.11","9.1.5",no,8,1,11,"-1",9,1,5,"-1",complete,equal,abort,complete,""
"SVD-2022-0803","Splunk Enterprise","Universal Forwarder","8.2.7.1","9.1.5",no,8,2,7,1,9,1,5,"-1",complete,abort,abort,abort,""
"SVD-2022-0802","Splunk Enterprise",,"8.1.11","9.1.5",no,8,1,11,"-1",9,1,5,"-1",complete,equal,abort,complete,""
"SVD-2022-0802","Splunk Enterprise",,"8.2.7.1","9.1.5",no,8,2,7,1,9,1,5,"-1",complete,abort,abort,abort,""
"SVD-2022-0802","Splunk Enterprise",,"9.0.1","9.1.5",no,9,0,1,"-1",9,1,5,"-1",equal,complete,complete,complete,""
"SVD-2022-0801","Splunk Enterprise",,"9.0.0","9.1.5",no,9,0,0,"-1",9,1,5,"-1",equal,complete,complete,complete,""
"SVD-2022-0801","Splunk Enterprise",,"9.0.1","9.1.5",no,9,0,1,"-1",9,1,5,"-1",equal,complete,complete,complete,""
"SVD-2022-0608","Splunk Enterprise",,"8.1.10.1","9.1.5",no,8,1,10,1,9,1,5,"-1",complete,equal,abort,abort,""
"SVD-2022-0608","Splunk Enterprise",,"8.2.6.1","9.1.5",no,8,2,6,1,9,1,5,"-1",complete,abort,abort,abort,""
"SVD-2022-0608","Splunk Enterprise",,"9.0","9.1.5",no,9,0,"-1","-1",9,1,5,"-1",equal,complete,complete,complete,""
"SVD-2022-0607","Splunk Enterprise","Universal Forwarder","9.0","9.1.5",no,9,0,"-1","-1",9,1,5,"-1",equal,complete,complete,complete,""
"SVD-2022-0607","Splunk Enterprise","Universal Forwarder","9.0","9.1.5",no,9,0,"-1","-1",9,1,5,"-1",equal,complete,complete,complete,""
"SVD-2022-0606","Splunk Enterprise","Universal Forwarder","9.0","9.1.5",no,9,0,"-1","-1",9,1,5,"-1",equal,complete,complete,complete,""
"SVD-2022-0604","Splunk Enterprise",,"9.0","9.1.5",no,9,0,"-1","-1",9,1,5,"-1",equal,complete,complete,complete,""
"SVD-2022-0603","Splunk Enterprise",,"9.0","9.1.5",no,9,0,"-1","-1",9,1,5,"-1",equal,complete,complete,complete,""
"SVD-2022-0602","Splunk Enterprise",,"9.0","9.1.5",no,9,0,"-1","-1",9,1,5,"-1",equal,complete,complete,complete,""
"SVD-2022-0601","Splunk Enterprise",,"9.0","9.1.5",no,9,0,"-1","-1",9,1,5,"-1",equal,complete,complete,complete,""
"SVD-2022-0507","Splunk Enterprise",,"8.1.0","9.1.5",no,8,1,0,"-1",9,1,5,"-1",complete,equal,complete,complete,""
"SVD-2022-0506","Splunk Enterprise",,"8.1.2","9.1.5",no,8,1,2,"-1",9,1,5,"-1",complete,equal,complete,complete,""
"SVD-2022-0505","Splunk Enterprise",,"8.1.4","9.1.5",no,8,1,4,"-1",9,1,5,"-1",complete,equal,complete,complete,""
"SVD-2022-0504","Splunk Enterprise",,"8.1.6","9.1.5",no,8,1,6,"-1",9,1,5,"-1",complete,equal,abort,complete,""
"SVD-2022-0503","Splunk Enterprise",,"8.1","9.1.5",no,8,1,"-1","-1",9,1,5,"-1",complete,equal,complete,complete,""
"SVD-2022-0503","Splunk Enterprise",,"8.1.5","9.1.5",no,8,1,5,"-1",9,1,5,"-1",complete,equal,equal,complete,""
"SVD-2022-0503","Splunk Enterprise",,"8.2.0","9.1.5",no,8,2,0,"-1",9,1,5,"-1",complete,abort,complete,complete,""
"SVD-2022-0503","Splunk Enterprise",,"8.2.1","9.1.5",no,8,2,1,"-1",9,1,5,"-1",complete,abort,complete,complete,""
"SVD-2022-0502","Splunk Enterprise",,"8.1.7","9.1.5",no,8,1,7,"-1",9,1,5,"-1",complete,equal,abort,complete,""
"SVD-2022-0501","Splunk Enterprise",,"8.1.1","9.1.5",no,8,1,1,"-1",9,1,5,"-1",complete,equal,complete,complete,""
