"svd_id",targetVersion,version,upgradeNecessary,"major_t","minor_t","point_t","hotfix_t","major_a","minor_a","point_a","hotfix_a",evalUf,mitFlag
"SVD-2024-0708","9.2.2","9.1.2",yes,9,2,2,"-1",9,1,2,"-1","Universal Forwarder",""
"SVD-2024-0708","9.1.5","9.1.2",yes,9,1,5,"-1",9,1,2,"-1","Universal Forwarder",""
"SVD-2024-0708","9.0.10","9.1.2",no,9,0,10,"-1",9,1,2,"-1","Universal Forwarder",""
"SVD-2024-0304","9.2.1","9.1.2",yes,9,2,1,"-1",9,1,2,"-1","Universal Forwarder",""
"SVD-2024-0304","9.1.4","9.1.2",yes,9,1,4,"-1",9,1,2,"-1","Universal Forwarder",""
"SVD-2024-0304","9.0.9","9.1.2",no,9,0,9,"-1",9,1,2,"-1","Universal Forwarder",""
"SVD-2023-1107","9.0.7","9.1.2",no,9,0,7,"-1",9,1,2,"-1","Universal Forwarder",""
"SVD-2023-1107","9.1.2","9.1.2",no,9,1,2,"-1",9,1,2,"-1","Universal Forwarder",mitigated
"SVD-2023-0809","8.2.12","9.1.2",no,8,2,12,"-1",9,1,2,"-1","Universal Forwarder",""
"SVD-2023-0809","9.0.6","9.1.2",no,9,0,6,"-1",9,1,2,"-1","Universal Forwarder",""
"SVD-2023-0809","9.1.1","9.1.2",no,9,1,1,"-1",9,1,2,"-1","Universal Forwarder",""
"SVD-2023-0614","8.1.14","9.1.2",no,8,1,14,"-1",9,1,2,"-1","Universal Forwarder",""
"SVD-2023-0614","8.2.11","9.1.2",no,8,2,11,"-1",9,1,2,"-1","Universal Forwarder",""
"SVD-2023-0614","9.0.5","9.1.2",no,9,0,5,"-1",9,1,2,"-1","Universal Forwarder",""
"SVD-2022-0804","8.1.11","9.1.2",no,8,1,11,"-1",9,1,2,"-1","Universal Forwarder",""
"SVD-2022-0804","8.2.7.1","9.1.2",no,8,2,7,1,9,1,2,"-1","Universal Forwarder",""
"SVD-2022-0804","9.0.1","9.1.2",no,9,0,1,"-1",9,1,2,"-1","Universal Forwarder",""
"SVD-2022-0803","8.1.11","9.1.2",no,8,1,11,"-1",9,1,2,"-1","Universal Forwarder",""
"SVD-2022-0803","8.2.7.1","9.1.2",no,8,2,7,1,9,1,2,"-1","Universal Forwarder",""
"SVD-2022-0607","9.0","9.1.2",no,9,0,"-1","-1",9,1,2,"-1","Universal Forwarder",""
"SVD-2022-0607","9.0","9.1.2",no,9,0,"-1","-1",9,1,2,"-1","Universal Forwarder",""
"SVD-2022-0605","9.0","9.1.2",no,9,0,"-1","-1",9,1,2,"-1","Universal Forwarder",""
